{"cameraMode":{"drawMode":0,"name":"Shaded","section":"Shading Mode"},"sceneLighting":false,"audioPlay":false,"sceneViewState":{"showFog":true,"showMaterialUpdate":false,"showSkybox":true,"showFlares":true,"showImageEffects":true,"showParticleSystems":true},"in2DMode":false,"pivot":{"x":-118.0,"y":64.30853271484375,"z":150.0174560546875},"rotation":{"x":-0.11113453656435013,"y":-0.15821050107479096,"z":0.01792396418750286,"w":-0.9809693694114685},"size":181.74732971191407,"orthographic":false}