{"cameraMode":{"drawMode":0,"name":"Shaded","section":"Shading Mode"},"sceneLighting":true,"audioPlay":false,"sceneViewState":{"showFog":true,"showMaterialUpdate":false,"showSkybox":true,"showFlares":true,"showImageEffects":true,"showParticleSystems":true},"in2DMode":false,"pivot":{"x":0.640999972820282,"y":1.2009999752044678,"z":0.01399999763816595},"rotation":{"x":-0.009303320199251175,"y":0.03658752143383026,"z":-0.00034057407174259424,"w":-0.9992871284484863},"size":0.14289410412311555,"orthographic":false}