{"cameraMode":{"drawMode":0,"name":"Shaded","section":"Shading Mode"},"sceneLighting":true,"audioPlay":false,"sceneViewState":{"showFog":true,"showMaterialUpdate":false,"showSkybox":true,"showFlares":true,"showImageEffects":true,"showParticleSystems":true},"in2DMode":false,"pivot":{"x":-2.097865581512451,"y":0.46712055802345278,"z":18.59760856628418},"rotation":{"x":-0.009303320199251175,"y":0.03658752143383026,"z":-0.00034057407174259424,"w":-0.9992871284484863},"size":22.693470001220704,"orthographic":false}